trend_id,date,platform,keyword,post_text,hashtags
1,2025-09-28 7:50,googlenews,다이어트 유산균,"[잡담] 카톡 곧 개선방안 발표 - 인벤
https://news.google.com/rss/articles/CBMiZEFVX3lxTE5CZ1VuQ0o0amFKTXN5cDdLcS03WEdrNEtUWGdKeElYc1Z3T3U2NmQ4ZnlaT2RZd1dvdzNaSUtqV1JWSnRlc3ktNnlLZGRYS2dUQ05RQ3htcFY2OFpYR0ptdVhfOW8?oc=5",
2,2025-09-28 5:55,googlenews,다이어트 유산균,"[수다] 메고수들아 환산 4.5만 현명하게 60억 쓰는 길좀 알려줘 - 인벤
https://news.google.com/rss/articles/CBMiXEFVX3lxTE83eEtSclhGbTl0dWpyTnlzZ203MEZ5R2RqczNjWm1USDZfaV90ZkhGV1czbmxTQmwzV0RfT2Z5ZjJPRHhxMFdlZU15UkduemtWeGtiY3FCRWNzMWdm?oc=5",
3,2025-09-27 17:42,googlenews,다이어트 유산균,"작년 추석 2만개 '완판'…GS25, LA갈비세트 올해는 '2+1' - MSN
https://news.google.com/rss/articles/CBMiqAJBVV95cUxQOXk4d1E4UkRKV2QwVTlWeFlQVmVlbHpfNmJHMGVPaW1iaGI0VE1wSHYxNEdrNEpTVVY3eVo4QjFLRVY1bjk0TDY2cXNKSHk5NnZzWGZjNHZEUmZJT3Zud0hzWWNqSjlDbzRpUFdTQjN5X1NBMG1jcEtrZlFDd2ZhRVFZZkZLS0dFekROSG1yVGVYOW8tZi1TWjlRazBEZkFYRGVzeU85QktBa29xZDd4S2JoS01weFZHcE9YRVVPc0pQeDRzVmZfdkF0N2NsWXpGTkJtNDFvbnVMdnJBR1U3TnMtRnJmRGlDU2J5MkVGenFKV3F6YjNUYVJKaDdBbUJpM2stempPNnVUWFBWWFFGaTIteWNSSFk0cXhJalp3anpzVkZXRjFYaQ?oc=5",
4,2025-09-27 10:10,googlenews,다이어트 유산균,"달달한데 다이어트 중 먹어도 괜찮은 ‘추천 간식’ 3가지… 뭘까? - MSN
https://news.google.com/rss/articles/CBMigANBVV95cUxNTEFBcWdPNXd3a0UxVWJaSUpLNFBOcWs2V2RGQTNnRWNnTFdjeWpiNmlIOV9IUHlDeUpXS1Y3Wk1SaldiX3gtWDFIMmtSc0FOOURZR1I0MHNZc1p2NGI2dFkzRmIyQTNaSnRvQ2ZfVU5pSUp2UFU1MFhUN2NrZUhYczhuZ2g5R2dXcS0tNTRCbTMzcUpsWVZZNXJYdHg4Ti1uSzFDR1M5NjRHYUNVREpGNkl3bFh2VGJsQkt2OWVpa3V1cG1JaVNneDEwM3BvSnBuX3dRcnVQWXNPLVpiQUp1c1ZiMmpna2JVNG1NZksyNlVEM2kzNVAtTUlTR0wzRkNMV0tSc2NTY3FKTWtwSTlRSjNoRV9LQWozaHhNcDVUUXd0dlN1WWxTbjI4ZWRQY1V4SDI5Y3VwSVJVZmJDcWJLRGdsaWl2YVg2SEYwWk5oVXNFNC1XMlRMZTRabThFYS03R0RBaDYwUXNid0pNdVdnNXRxV2hpNkRRUTE2cVp6TjY?oc=5",
5,2025-09-27 6:06,googlenews,다이어트 유산균,"살 빼다 간 망가진다…다이어트 보조제, 안전하게 활용하려면? - 네이트
https://news.google.com/rss/articles/CBMiU0FVX3lxTE15NTdNbVpLaS1haUlmb29LMjhNM1NnYXk5SUtZZkxnNlBkSTNtVExHcmE3dUhHamNxVUVWWVdtamtSRkJ5SWtsY1Q2WGpUUXhxT1lF?oc=5",
6,2025-09-27 6:05,googlenews,다이어트 유산균,"살 빼다 간 망가진다…다이어트 보조제, 안전하게 활용하려면? - 코메디닷컴
https://news.google.com/rss/articles/CBMiQkFVX3lxTE9FVTgtb2I5QXBybUJWS0FsNE5sbW9nNEpuMkVaczRVZ1FaUk92anJWZE5PblNMNlUyQXNuOFptMktjQQ?oc=5",
7,2025-09-27 4:00,googlenews,다이어트 유산균,"‘비피더스균’ 다이어트 효과 진짜일까?... 의사의 유산균 선택법은 [팩트진찰대] - 하이닥
https://news.google.com/rss/articles/CBMiakFVX3lxTE0wM1AxcGVabHcxdG9GQXhYc09SNUNwVTFVTlIza2pwR0x4YkhkWlBVdklvZFM0NGxyYXFaMFM0X1h1bGdCWF9UYjFUUE1EWE91M2ZacF9Kbkt1akl3dVdOREJQZ3JTbkk2NGc?oc=5",
8,2025-09-25 23:35,googlenews,다이어트 유산균,"뉴트리 에버콜라겐, ‘2025 화이트오픈서울’ 참여...테니스 페스티벌서 액티브 뷰티 경험 선사 - 한국경제
https://news.google.com/rss/articles/CBMiWkFVX3lxTE5PZlNudWVCSklSdHZkOVJ1bUZhT2lkajJ0SEd2bFhUTGt5Y2pVU08yYTFEblpYUEJmaE1lNklDRlVhQTZSSXp5QThMTThxS2FPSEVxYnFxSjVvZ9IBVEFVX3lxTFBsNjVBcFotWm1tVTVKM0RTdU90eEM2QURETmR4T1AtbVd0a0ZLczBjWUgwc2tPb09pVmwwWHgtUmdtMUJOVUtTNzZkT1pJNVFXd2hTMg?oc=5",
9,2025-09-25 7:39,googlenews,다이어트 유산균,"2030세대 '혈당 관리' 보편화…일상 속 혈당 건강 음료 등 각광 - 스포츠조선
https://news.google.com/rss/articles/CBMieEFVX3lxTE9Ccmdrc3lOeGl3QjljMHVFSHlTSUtUSFRFNnI4VVYyWDhKR3dNQVhTX1hITnYtSklSc1NFYVloaU5HTnFTZHNxYl9EYTNzUml4Z1VQUkluWTQ5ZnREWTVHQkFteTRBM2JfVWctb2FhN2ZodXgxTHJPYg?oc=5",
10,2025-09-25 2:45,googlenews,다이어트 유산균,"작년 추석 2만개 '완판'…GS25, LA갈비세트 올해는 '2+1' - 네이트
https://news.google.com/rss/articles/CBMiU0FVX3lxTE14UlBfblk3ZmJGX2hVMDZuSmZTYVFtdUktS1hzRXlzaG1ULS03VW5XZDNISExUby1uTEFsTEdTR2pxWUdEWnIwUFl5NE1kREN4SnpB?oc=5",
11,2025-09-25 2:18,googlenews,다이어트 유산균,"한국 다이어터는 피하는데 해외선 난리…김치 ‘항비만 효능’ - ZUM 뉴스
https://news.google.com/rss/articles/CBMi8wJBVV95cUxPelFUaHZHZDNTUE1LTVZ2T0tmVGhJQkpLVGVIY3JYVFZiSzlXYWxTTmpjTl9QTGJua29MaWN5TDVfenpUUTNxakI5ZWV2WktfRHRaSmZYLTNURWRFYXJEcGluQ2tSbFJwTHd1VVZWajNoMkFTZGVqa3Y4QnJIdUV2NVlZbzlRdTZUYnJHSEdTV1pTWncyZWE5MVBxSmdIb21xdmxBLXgxa1ZoTUdaUFhWQVoyN3dBa0FGOVl5bmdoOWwwRVRZNVpyQ2JLcllaSjJXeklNNFJEakdyWUFsMjRrRkJQZ0lYQlk1VlNLVmRCSFVKZWNqNlNYRTRyR1hoeWlYaTBnZWpyU0wycHdnazU2dm1OMVhYd0lFbjhOQnhwQ2kxNlgyd3ZjcFZkMWVuODlfTWlFMWNFQTd0cFFTWU5PNEltZUxVdG9LZkdmMTV2dHc0UVowUjg1bUZoYkZuWW42SXQ5T1R0cVZLcVRNbEltVEZsTQ?oc=5",
12,2025-09-24 1:24,googlenews,다이어트 유산균,"[울산엘리야병원] 간 건강 위협하는 건강기능식품, 섭취 전 주의사항 반드시 확인해야 - 울산종합일보
https://news.google.com/rss/articles/CBMic0FVX3lxTFBMV0JBbGFDQU4weTV0by1GeWdYcG5ZeGVFX0NVdjJXSlA4NFBBQ0E2SnNwVkhlbGNJZDA2dlpUY3FrNXpTNDFzVmd0RmxGWEhMNWJTX0xzQ0gyV3JFRHNNWWlHZEE1dndDdXYwbEV1eFVXZ3c?oc=5",
13,2025-09-23 20:04,googlenews,다이어트 유산균,"가격대 다양·소포장 구성…할인 행사도 - 네이트
https://news.google.com/rss/articles/CBMiU0FVX3lxTE1EVnhINko5UHV4UUROdmVlTUdoNENzR2NDa0dzQXUwQndJUE9mWC1XbmN6SGtFTnNKMWh5TjVwc0l5N3h1QTBUeGhtZm1qdzRBRzNR?oc=5",
14,2025-09-23 19:17,googlenews,다이어트 유산균,"가격대 다양·소포장 구성… 할인 행사도 - MSN
https://news.google.com/rss/articles/CBMioAJBVV95cUxPOUVXUTFaSl84QWVoV0NFaUZKcW0zUG1sakhIVjJkWEFyWXVFaEJ1aG44WEpsMWljYVZ1OXVNd19ZNXRiLWViUTYySHlxM19fbjhYTUJWMU52SFJzWkJXTjg3a1BUM2F4X0RXZFBDN2thR2ExelhJNFFKM1lXYk52azBZTzViQ0p1alNyVjRkaGJzdWg2UWwtMDZtc1VyUHFoMnNEVDlQdER4a1A1Wm9XVnE5Zl80SVM5dmtBNFAweDhobWZVSlA0QUo4RklJN3plZnpUMWd5eGUzd0J1NGc2enJfTDBEV1RtTFlVc2tYX3BLanV0Nkt1TEttMkpWa21Db3phNWE2ZXRFOUl0bFhsVHZOekpqSmtFNkdRaWpPWnE?oc=5",
15,2025-09-22 21:05,googlenews,다이어트 유산균,"[2025 한국고객만족도 1위] 여성을 위한 건강기능식품, 럭키클로버 - v.daum.net
https://news.google.com/rss/articles/CBMiVEFVX3lxTE5MTldjckxpb0hIUnRvY040aU9YNHlHNEtOTVdLWTYyYjRrd25LZUVYd2FMaHJSV2NYbnczZ2lOQVphd1JXQ01NVmVkbU5UbzloYU9WUQ?oc=5",
16,2025-09-21 23:32,googlenews,다이어트 유산균,"‘비에날씬’ 모델 김희선 바이오니아 본사 초청 및 행사 진행 - 매일경제
https://news.google.com/rss/articles/CBMiUkFVX3lxTFBodVRseTYxVHVWR2Zoc29lcE5xVGFwT1Vrc28za1J4ZXpTLTNWd0VhOHpocnRvUEtkaXV0TTFsVkpWakhJNFR4VU8xQ0x1X0hGeEE?oc=5",
17,2025-09-17 7:00,googlenews,다이어트 유산균,"특허유산균 다이어트 단백질쉐이크 '메타슬림', 체중관리 대안 '주목' - ESG경제
https://news.google.com/rss/articles/CBMibEFVX3lxTE4waHlaME80elE1VGxjVU9sS1doY2ozeEk1WFQ4QVdXWnloUFVKZGtpRTJCc1k5anR2Wk8yc3hYd2FFNWNVbjdXNmtIeWstZWduNjI3SUM0RkFBb3g0a1RrMmIySHVRRWRXRGpmXw?oc=5",
18,2025-09-17 7:00,googlenews,다이어트 유산균,"과민성 대장증후군 극복! 저포드맵 유산균과 운동으로 체중·면역력 다 잡은 법｜교양있게 - MSN
https://news.google.com/rss/articles/CBMikARBVV95cUxNa2JwNnZhVnZVMW4tNnFCdjA2OU9hLXpXLVgtVFBIM0hLSXh1LWNOVXNISkZBR3NBSl96RVQzS1dUZ0ZkSDdlMndWS2ZkVUZOLVRVSElMU1NhY0lIVUFHV18zTnFXMzlQYUxfSzZDbVJWZXVCcWVYdXBYY3ZzQlZPWEFpT0lKZFdYc1R2THdHWFZxQnRxQmhQWG16LXVqX3RRQ2lhQXBLUGdONzIyMWJySnJaOEZ5X0stRnd4dnJsZTNOWHVsVl9ubW5BOUp3Vm40SHpxYkVJSTBCNkg0OVJFNzBBMjdTMzNIUmEwSnktUm9zYTlER0FHT1dHZEVBclhiNjdOX0cweUtvRFFLZ2V3b2RUeDVsem9JS0poVVZtT05jbEEybVJ6RnZsMnpuSU82WTBpSEdTNXlVR0dqbldvUnNhRGd6NWpYZjFQc2ZPUWhqUVI5SFM2S1BKLU5FUU5yY2w0NjNtdllQckxSNkt3UmYtbjdoTEo0SlBfZDU5UVp3cXpnZ1BqZlhlY1N3M185V3FvOUZEODY1NEtiZ3V6bktOY2J4Z2Q3Z09OWm5WdzduTEtWdi01SThwaDhoZFE4MmF5S2ZqN3gtR2dQMjBlQTM2X2pZTXhKblE0SVJ3WDFjMXZpdjNpam9TX25TSjJnOVVVdlBWOWd2dmdkeVdFRWFuSXE4bHUzdlB0bHRwVW0?oc=5",
19,2025-09-16 7:00,googlenews,다이어트 유산균,"관광객 홀린 K건기식…수출도 확 늘었다 - 한국경제
https://news.google.com/rss/articles/CBMiWkFVX3lxTE1OTDM2YzB5VVJZMmk0dW5KVFRyVlI1cm41aG04cTV5QWRxcDJQNGFCTEdoZTBIMWNsRlJHV3ZJOHhzR1JkQTRCSmh4ZjRuZU4tOUVLckx5QVF5Z9IBVEFVX3lxTE42WC1GZkszU09ld29teTRGTjNIU1hDVGJqYTFaUUJLQ1hCQzQ0Q2duYjdQclhoOTlLS1NTN2F5QTZILUNmMzVuM0xMZEJNZTlSNzl1TA?oc=5",
20,2025-09-14 7:00,googlenews,다이어트 유산균,"박용우 ""탄단지는 옛날 이론이죠"" 현대인의 다이어트 유지 방법 핵심은…[의사결정] - 노컷뉴스
https://news.google.com/rss/articles/CBMiUkFVX3lxTE1Hb2JKVEtINUNDV0libHdQMlhMVl9oY1l3NUlsc0xhbnktQkRMZEF2NkFWTnRHR29sMG8tNnl2cDlrWU9kZnpfbXZxeVozRU5vbHc?oc=5",
21,2025-09-14 7:00,googlenews,다이어트 유산균,"장점이 넘치는 양배추, 특히 아침 공복에 먹으면 더 좋은 이유 - 위키트리
https://news.google.com/rss/articles/CBMiVkFVX3lxTE9pcWpIWnlmYnFxbkh1aUMxTFJEYldwUlI1VVROTFM1MHkzTEE2cUZDMTk5bWJDWGVmaTJfaGQ4V3JSQnRTV1N5UHBDZUM0MTZhd0xVbzN3?oc=5",
22,2025-09-11 7:00,googlenews,다이어트 유산균,"“김치가 만병통치약 맞네”… 궤양성 대장염도 잡는다 - v.daum.net
https://news.google.com/rss/articles/CBMiT0FVX3lxTE9XSUMyXzBicjFUVWlBOVhRa3l3Ykw4T3hEWFRzU0RXeVlQVmh3YmUyN1NFQllPQjN6TnFXTEEzeS1sWVVjaTJpWjJTZ2JpNk0?oc=5",
23,2025-09-11 4:46,googlenews,다이어트 유산균,"정선희, 10월 13일 마라톤 도전…“설인아 보고 자극받았다” - 매일경제
https://news.google.com/rss/articles/CBMiRkFVX3lxTE1ZWHlVMDRqSENjUzJvUXpDYlNBUHlxa2M1bURmMzlhRjU5eHJ2N192Nkxsb250U09xQUQ4WkEtV0ZnbEJWQlE?oc=5",
24,2025-09-10 7:00,googlenews,다이어트 유산균,"곰팡이 혼입으로 인한 회수명령, 법적 근거가 명확한가 - 식품저널 foodnews
https://news.google.com/rss/articles/CBMibkFVX3lxTE9ZNmJOb1lXZTNfdVlfS2p0OGlDX2hsNVpCQnZ2NUs0RGhBSEllcWx2X3dmR3dWYUh0eE5MYThSMThCRkR5ZUlGZlNWMDRnMmIweXNIaUlDdndkbExNRlhPdDBucnVkTWZWQzFFNnZR?oc=5",
25,2025-09-09 7:00,googlenews,다이어트 유산균,"맹승지, 식단과 물·유산균 관리로 10kg 감량…볼륨감은 그대로 - 한국투데이
https://news.google.com/rss/articles/CBMiakFVX3lxTE5DRnkydUhYR2h2NVJ3U2ZXTm9nRVVPb1BkM3FSWVJtUGg2RDVEc3NPdjNHcncxWk0wU0JCa3pha3dJWWlnRWR5QTNrdml4NkdybHZ3WkxSODMwNWppc2pKLXZraGczY0xDcHfSAW5BVV95cUxNSmhDc3h2alRFcHRsdjZqMnZMYXdKYzJqa2dKdW9vMjJGNHJiUDBTUEZUV2JsUHpuaC0wT1FaVkVlblNVTTk5VDVMUHU4MVNwRUd2MTYzdmN5TndPUmFkSTFNcS1ySjhZRExoM3VFZw?oc=5",
26,2025-09-09 7:00,googlenews,다이어트 유산균,"2025 올해의 브랜드 대상 ? 건강 부문 수상자 인터뷰 - 한국경제
https://news.google.com/rss/articles/CBMiWkFVX3lxTE13b2ZHaFltb2dMazJhc2dDeEVoQnlxMVlDMGREdUV5cUZSa3JxOFEtNmN2dlByZG9URVNZX0Y5enJXYWVjODBfSGx5U0RmemtDOEtLX0VLVklnQdIBVEFVX3lxTFBVcFdJdXJvTzd2WGl6WjZ1bFctdzREV05hRUJSSWl5SmhQZGRjUnU1WEpLdzJUQnlSVUNRaFFuelZaYVlLampyTnR5bllROUY4M3VROA?oc=5",
27,2025-09-09 7:00,googlenews,다이어트 유산균,"2025 올해의 브랜드 대상 ? 중국/베트남/인도네시아 부문 수상자 인터뷰 - 한국경제
https://news.google.com/rss/articles/CBMiWkFVX3lxTE5ORTZvcmhobUZGUExSMmVQYVFfNG04Qi1oTU1wWGRPWVY4ZVB5RjEyZy05dzR5ZUF6OEpEQ3dKb2ctaGxaOTFDRTBWZ2dNNnJad2FIcTA1THlaZ9IBVEFVX3lxTFB3LXdtZER5ZjFnQURXcFlNam1oRVV2S2tMb2JYRXoydF9WWEdBd1hPTUFSTW5sQkVtQWFvZXlOME5fVzhqTXY0aEE4VXdkUGZEX3gwag?oc=5",
28,2025-09-03 7:00,googlenews,다이어트 유산균,"비에날씬, 다이어트 유산균 시장 ‘독보적 1위’ 입증 - 조선일보
https://news.google.com/rss/articles/CBMijgFBVV95cUxNc2ZhRWJaSzZwcUR0Uk5nLTd0ZzN6S1ZGcWszZlNWQzZJb1VUVk1wTUhBN2RxaEhTZ1ZJN2R3N3BNYnJORjBhRkZrakloTzNMV1RnWGk0a3V0NzRiVnRudmtFdGxxQTNuTG5HZnl6NWY5RGRocGl5bW1JWjR6V1ktS0xrQ3pNTk53Q2xsdDRn0gGiAUFVX3lxTE9vZDVzeGdrUlRwV3c2RVQ2d08tbUVSR05vZlBFOE1MR3VLZDhyMmxHZDFwUnN3c0J3UzBnQklQLWpHS3V2SVFrR0ViNkJtZWZMSE03aGdyNWo2djRYZjJVV3R1V3h4TE9jYlR6VDN2bjFsUUN1cHJCbFhVblRuNDNwclVVSEQtS0xZaElRdXVoc1hzbkxKMHYzMFpGd2NyR3Nvdw?oc=5",
29,2025-09-03 7:00,googlenews,다이어트 유산균,"추석 '이색 선물'은 편의점... '가성비·프리미엄' 잡았다 - 월요신문
https://news.google.com/rss/articles/CBMiakFVX3lxTE9kVWZQWkd3dW9RaFBEbkxvTUZka2dfajNMUHpYWmJsMXRZZ0FFOElwM0NiM3JaOTZYNmN4WUt2bHh4OENHalFSNDhCRmhiWHM2T0xaeW1EZkJ0a3pCMnp5dHp1anZuQWtjdVE?oc=5",
30,2025-09-02 7:00,googlenews,다이어트 유산균,"바이오니아 자회사 에이스바이옴, 올해의 브랜드 대상 - 헬로디디
https://news.google.com/rss/articles/CBMiakFVX3lxTE1zaEFmQTFxbk5iNnBZN0hUMy1PTjQ0M1JDRU1zNjJ0NHZOQlFuRThoZnlQTXhhV2ZnUDRySUE4SkVVV09EZk45SFNOVmplSkl4RHRwVEl1Nl9rU3ZNRHBHNVVhdDlKOFU3NFE?oc=5",
31,2025-09-02 7:00,googlenews,다이어트 유산균,"바이오니아 자회사 에이스바이옴, 2025 ‘올해의 브랜드 대상’ 국내·중국 석권 - 한국경제
https://news.google.com/rss/articles/CBMiWkFVX3lxTE95UXhCY2RkcWZ6clp4bTlxZFh4RHhkRnloSjNWUnBmakVYTW9uangtdkZGb2Y1SWoxRlBQLUFrQWxxUmJaOEtfSGFPeVFMSzkxX2tzdjZLeHM1QdIBVEFVX3lxTE5rb0NXWEd1dXBLeWViOUdPekJjM2dkR3NHYzhaWl9CWXRFTDFHWTBZRFYwU3JLTVI5RUtNY1FKMmtrRlp5dGF5VlF2RHR0RE8xWTluZg?oc=5",
32,2025-09-02 7:00,googlenews,다이어트 유산균,"에이스바이옴 ‘비에날씬’, 2025 ‘올해의 브랜드 대상’ 중국 다이어트 유산균 부문 대상 수상 - 하이뉴스
https://news.google.com/rss/articles/CBMidkFVX3lxTE9iX1lFS3BjaFdOYjBTUUlnMGlxbHlZUmZvd3dzc29HcHd3MjJEZzQ3QTFlTVFTVHlkOVpTZTZTYmx0ZzhBUk43S0stSXBjQ0piN1BiRFRRMUVCbVhQT1ZkaTdyMzNCR21TWWg2N1RCdkVsVzhrWUE?oc=5",
33,2025-09-02 7:00,googlenews,다이어트 유산균,"바이오니아 子 에이스바이옴, '올해의 브랜드 대상' 국내·중국 동시 수상…'글로벌 경쟁력' 입증 - 프라임경제
https://news.google.com/rss/articles/CBMibEFVX3lxTFBlaFZpNDV3LTU1bHdlUmJLNmI3MkRaMTkwTi1vN0dpcUgtMUMyUjludURRQXc1WWtjekpnX29sZnQtRHVQaHAtdEYxdkd3dEVWMjl6RmlGMWZRVUhETEFRR0JYV0pNNi1lYnZzSA?oc=5",
34,2025-09-02 7:00,googlenews,다이어트 유산균,"바이오니아 자회사 에이스바이옴, ′올해의 브랜드 대상′ 2관왕 - 메디컬투데이
https://news.google.com/rss/articles/CBMiXEFVX3lxTE95NllhbGRDVDhwbjFTbm5MamRkYWh2Y3MxbUxOZW9CUWpHUmdoZkdjdlNCanR1MTFlcWJqTjZKZXF1cGpEemQxRDZyMEtzdmJUNFF5R0FkZXVKY1Et0gFsQVVfeXFMT0tqb0VpVEU3SGdmZDdVYWdFREZ0eUFUbmhabWFuZ1h1OEw4cVJEWWxBMU1LT3dXT2gzY3lTNDRncWc0dzFyYjU4VFM4a3FUc3pTVnRsOWNFQ3p2Ul9DTGIxemdveXZrZmgybEl3?oc=5",
35,2025-09-02 7:00,googlenews,다이어트 유산균,"에이스바이옴, '비에날씬'으로 韓·中 올해의 브랜드 대상 석권 - 머니투데이
https://news.google.com/rss/articles/CBMiZkFVX3lxTE5falZoWFpibF9BZ0NaYklxcXcyMmxLeTgxNTFzVTBkWGlBWVRIeWI3UnhraXU4cDNuNTE3cHRibVRiaG9BbXlpMjZLRzB2OFNJOElBLXhWSnVpdVE5NE5jS3pfbEd6QdIBbkFVX3lxTFB2UDBEdHkxSzNRaWN2TVpzTnFhRVF3VWkxNlhTUE5RMXJQRm5mRzdEdkZ4MGFjWEpnU3Vra0FEMG00THRFN2FHVFFyT0FWS1VDTjVvVU45MVd4cllxNGdsU2ZEQ3NKdzRLcXVsbDhR?oc=5",
36,2025-09-02 7:00,googlenews,다이어트 유산균,"“아침마다 ‘이것’ 마셨다” 10kg 감량 맹승지… 다이어트 성공 비결은? - 헬스조선
https://news.google.com/rss/articles/CBMidkFVX3lxTFBRMVQ4b0RGTVIxSnRvSHpEQWxoWk1Ua19PNnBad1RBWlRzVUpWWWxzOHBJd1p6V3NjVlhDdDhnUVZkb3VGSVJJNTNaRVpKMEtzb3BLTmhEZkV2UGlGZ2xBYnZkY3pyYXRnLXIxWVJ6c0tnV0RieEE?oc=5",
37,2025-09-02 7:00,googlenews,다이어트 유산균,"“같은 사람 맞아?” 33kg 감량 김다예, 확 달라진 비주얼… 어떻게 뺐나 보니 - 헬스조선
https://news.google.com/rss/articles/CBMidkFVX3lxTE1UaF9vemd2UmYxbzZVajlEem53Ymt0M2t1WW0yYmtaTTVORHk5bVd3SGRRbk1QUEJSMlRXSHNTTkI1bDZWMWVfdHNwYW9ocWRBWHd4bGxLOWphVG5zVUd5Y2x1ZTgwd3dqV1FQTmlaLXNrY1RlZUE?oc=5",
38,2025-08-30 7:00,googlenews,다이어트 유산균,"편의점이 작정했다…추석 선물세트로 나온 7500만 원짜리 '이것’ - 위키트리
https://news.google.com/rss/articles/CBMiVkFVX3lxTE1qV1FYbkdlYzhUdjdacWI1ZjA4cVdVbEN2bUZGTE80UEJxWTF5cldGOFRFSjFpOHowYm9QSTBrY1RUMnB4NkE4TVVFcVJTcmx1YXVjTVlR?oc=5",
39,2025-09-28 5:01,googlenews,다이어트,"“주말도 빼놓지 않아” 다이어트 유지어터 박세미… 열중한 ‘두 가지’ 운동은? - 헬스조선
https://news.google.com/rss/articles/CBMidkFVX3lxTE5Dcy1RMWI3eFpMaVg0dFpLZUw1Z1ltcldKVHc1UWhELWtUd2Q4S1RTSm9GbGdRdEZrTjRIRGJhYXJsWkdPNm9KNjhhMV9qNHY0Q2tsNGtBZTFQS0tCVVNvUl93ZFo1bjJWcUxtc0lCdmVXcVJIVmc?oc=5",
40,2025-09-27 7:02,googlenews,다이어트,"다이어트·운동·금연 성공? 의지 아닌 ‘이것’이 좌우한다 - 헬스조선
https://news.google.com/rss/articles/CBMidkFVX3lxTE5YNTNSQlZ5b2V6eVVYZ0swUzB2QS1POHhXUU53dE5nS0VjTE1ITFM3VVpTX2hGclBlMWduVXMycWV3Z0NpTk4zcVl0cEwxenJYa1FyZld4T1V2Ny0xRjE3ZnR0c0dyQWZmNXpMZVZWU2h6cUNtRWc?oc=5",
41,2025-09-26 20:06,googlenews,다이어트,"(135) '키토산 다이어트'는 효과 없다 - 법률신문
https://news.google.com/rss/articles/CBMiU0FVX3lxTE5jQ0Z2VGJTY1VoeTYwUFdGZkQ5RmJGeE0wUFFvMlFyeDAxbHJ2TFhLMWN3V0pxeEJsU3RsRDdtb1JVcDRqc0lOYW1uT09HU0I2a0F3?oc=5",
42,2025-09-26 1:07,googlenews,다이어트,"“맛, 포만감 모두 최고” 7kg 감량 이세영, 강력 추천한 ‘다이어트 음식’은? - 헬스조선
https://news.google.com/rss/articles/CBMidkFVX3lxTFBBbmJtd0tSbm1XMHJoMTVUanI1ampwRzZuVDVlMUg3VXpWR2xDVDhldTdGV0xzZ1NKMWt1SUdNOHNJRWViS3Y4V2xfdDJ3emtpZ3hVek41V0JZcDdKR2VMcUtHUzhsRDZVaVhVRGQzWUlPTlVtanc?oc=5",
43,2025-09-25 7:24,googlenews,다이어트,"‘30kg 감량’ 박지현, 다이어트 비법? “3주간 ‘이것’만 마셨다” - 헬스조선
https://news.google.com/rss/articles/CBMidkFVX3lxTE1lQWdjVk1PNWJ6WkRyZTc1Ync1UDZGMVpQamVaanc3Wk5mZEFyZGJsdHdOb2V2T2x4X2VzMnoxZ1lqdVNNbjFsS2hFVUl3cUhxSjNlM0tEX18xMXFQY1ZoY2tnMm9Xb0ZFWmdqclZhb0o3RG1VUmc?oc=5",
44,2025-09-25 7:00,googlenews,다이어트,"[주말 PICK!] SNS 달군 ‘애사비 다이어트’ 신뢰 와르르…英 BMJ “논문 철회” - 농민신문
https://news.google.com/rss/articles/CBMiWkFVX3lxTE1hRmtZYUVSZHdiN0c4R1FUeFBpUTQ2VE9wb1lTaE1zaU15NHVHU2hIN1pCQWhRakZMVHZTeEEtVXcwWGpmQlhfTE5hWnhZc25WOENzR1VzcGxUZw?oc=5",
45,2025-09-24 20:03,googlenews,다이어트,"“모든 게 지속 불가능했다”… 애프터스쿨 출신 베카, 힘들었던 ‘K팝 다이어트’ 저격 - 헬스조선
https://news.google.com/rss/articles/CBMidkFVX3lxTE9aVVJ1TlJMUkpWRk1qc1ROQXo3UC14YlFmODVJUFU4Y3ZKZU9oc1l1T3pWQk03UVFwaXEwUlctUm1ZbUlMRnhFR0h5VGxhczdFaVhPZ1hLb0tEMm5KVkttZ0VaX0F3TFIxQWNhd2Ezb2JLSk45ZWc?oc=5",
46,2025-09-24 1:55,googlenews,다이어트,"‘100만 유튜버’ 원지, 살 쏙 빠졌네… ‘이 원칙’ 지켰더니 다이어트 성공 - 헬스조선
https://news.google.com/rss/articles/CBMidkFVX3lxTE1fXzlIblR2NVhBcG83RnlDVHlZdndiWWpSZEZsMkw5a2o0Y0xTVWtWOWpvSGRwV2RKWW10UmlHcEthVG5vdGhKUjNKb3o1cjhFUlFldDdKS2g4VXM5b0dnbGZwR2Q2TDI1UGJRMnZ1QUlhUEFBb2c?oc=5",
47,2025-09-24 1:12,googlenews,다이어트,"""모두가 속았다""…사과식초 ‘애사비’, 다이어트에 효과 없다 - 지디넷코리아
https://news.google.com/rss/articles/CBMiVkFVX3lxTE5GdFhjY25YczVxNllLZGRwS0lWRUZ2ZWFmbkdYRTUwTUxzM3VVODh6Z01wRzZwOTltNWVfeEkzZkZFVjN0Wl9pUFJ6aUI1RzZWTi1LTy1R?oc=5",
48,2025-09-23 22:00,googlenews,다이어트,"윤은혜, 아침마다 ‘이 음료’ 마신다는데… 다이어트에 좋다고? - 헬스조선
https://news.google.com/rss/articles/CBMidkFVX3lxTE00dFJrdHpQMjlEbkt3UE5POHVNSDZYOVRILVdrbU16RnNnNm5JQVFuSGVQeUhhOHE5OVRjNjYyZk1vcjI4d2plamhyR0R4SHVzY1JtLTdDT3B4LVBNSjhWd3JkUm1KaEpjR0NlS0VYSXQ1RFFGSVE?oc=5",
49,2025-09-23 4:26,googlenews,다이어트,"‘다이소 유통’ 다이어트 건기식 ‘가르시니아’ 전량 회수···간염 증상 2건 발생 - 경향신문
https://news.google.com/rss/articles/CBMiWkFVX3lxTE9lTGVqMU5mWnIyYl9zZl80R3hnTG1KWWcxUk8zemhMVGNnTVpnZlh2YVpsOFE5TGZBWWZrQUhLS2h1QkViQVR5b2lTUnFyZTVaNWNnX2ZMZE9LZ9IBX0FVX3lxTE1VWFhNU1FaOHg2SWdFNzdFQXpBVWNaam5PWFVKUzgtY3loT1gxeG5xOUlzemtoanhOU3J2WWxkSFNKelRoQU54NDZ4X3JnRllDS3k4UWpFaVJGV1BwWTA0?oc=5",
50,2025-09-23 2:04,googlenews,다이어트,"“3개월만, 16kg 감량” 정성화, 기절까지… ‘이 다이어트’ 부작용 고백 - 헬스조선
https://news.google.com/rss/articles/CBMidkFVX3lxTE5BN0xnMXgxSDdOYzYwcnBfMWc4YmpWWTJMamRGWU1kUWpoSTROUW9LaEc2QmhYVWVSTEw3ZXJ5b3ZxOGNBQlhIdXFpUUNTcHZwV0VlYVF6bjF4NkZWajVIcWR5SlFIdUdyVTEzbTRGNk9aSld5LXc?oc=5",
51,2025-09-22 21:10,googlenews,다이어트,"손예진 “혹독한 다이어트” 후 먹은 ‘이 음식’…살 뺄 때 최악이라고? - 코메디닷컴
https://news.google.com/rss/articles/CBMiQkFVX3lxTE50U0VMdjhRVUx6dE9mOV9tbEJ5SS03SGd0WVpINUtCWk55OEJtYmE1c0h1VnRSUFQyREpkYm0wZVdNUQ?oc=5",
52,2025-09-22 21:01,googlenews,다이어트,"손예진, 철저한 다이어트 끝에 ‘이 음식’ 먹었다 인증… 살 찌우는 주범? - 헬스조선
https://news.google.com/rss/articles/CBMidkFVX3lxTE9ObVQtR2NieXNFdXBwWjE3aC1ZbTFkMDNDdExLaGFEY25ienhOTDhyblU4VjVIWmdoUHR3eklwaTlxcXV0cl8tV2Yybi05cnYyNVJsdGY3T0dHaFZpTm5HaUpWam9xdXZnc0Y1ZVhCU0ZkX21QcFE?oc=5",
53,2025-09-21 13:20,googlenews,다이어트,"손예진 “혹독한 다이어트... 해운대 떡볶이는 먹었다” 부산영화제 참석 인증 - 조선일보
https://news.google.com/rss/articles/CBMijAFBVV95cUxPOWl4Y3hVYlZtS0ZEb3JCTUdCRkowOEZ0WllJNXJRRDRrYjktSnBnSTFIRWg4UXBsOUQ0bjYxWm1MbjRXbUdKdkFGblUzU2RXdzQxUWwwRktHSGZvejFRdWxWRnpsTnJRQjNrbmV4OFFsVEI3SnNUSElpSFBkb1JRaURkZXkyTGxGNWE2S9IBoAFBVV95cUxNRHhjcnhMREgtQzk3N0pIOFVfMms3YWlXUTJ6YXBUa3NZT05SQnVCYS10VHBlc0phdEJhbG53SzlIV3lTQVRMR1BzN0J0aFN3aDY2OGQtdWwtMHNnRFp0VFQybkpfYkpFOFpRRnRuUl9CWk51eUYxcmlmSDEwNkFVYThIRnZ1V3kwVlZpaS1SU1RQUVBBQkxNSi1yN3d3V1Fw?oc=5",
54,2025-09-21 13:00,googlenews,다이어트,"“난 다이어트 국가대표” 45kg 감량 최준희 자신감 내비쳐… 얼마나 달라졌길래? - 헬스조선
https://news.google.com/rss/articles/CBMidkFVX3lxTE01ZHc4dUFvRm1MSXFWMzA2d1laRzFWWkZDYThJdmNTY0xRWGVHRlVSbkcwNkFoc3pOUjdrMXNLX3p5NWlSSjI1cFRtcE9ucXhNd3ZnUWVOMFNnLWlUY3ZHOFhCaFFsWUQtMEU4UGVISXRubUpFLUE?oc=5",
55,2025-09-21 5:05,googlenews,다이어트,"“위고비 NO” 곽튜브, 결혼 앞두고 14kg 감량...‘다이어트 식단’ 보니 - 코메디닷컴
https://news.google.com/rss/articles/CBMiQkFVX3lxTFBpSzdzQzBCRzc2bGtNalgtRWNFUFFSaUV6cHhhN1hFWWJ3TzBRX19ORjg4ZkFuMUdiTlAwZTNkVmNDdw?oc=5",
56,2025-09-20 14:01,googlenews,다이어트,"장영란, 김밥 쌀 때 ‘이것’ 넣는다… 다이어트에 최고? - 헬스조선
https://news.google.com/rss/articles/CBMidkFVX3lxTE9VZHNDR19YaEIzMFNjOFVjaVhKX3NHamk2ZE0wdkxYNHgwMmJOY3F6Ymc5S0RkenEyN3QtYTFNWE5vdEcwNWF5NEZXeURjYWZqclhUYU9MQ1BVSFNmS0xpQzJtZWJwaExQXzVOcDFsX1N2RXB5WkE?oc=5",
57,2025-09-20 5:01,googlenews,다이어트,"‘16kg 감량’ 윤승아, 다이어트 아침 식단 공개… 뭐 먹나 보니? - 헬스조선
https://news.google.com/rss/articles/CBMidkFVX3lxTE9vV003dHR4MldScGFNU0s0U05zS1BHQk5LZ3ljbGk0T0MxT2QzZWVyOV8xV05qZ0dmZG9zYXRBWjU5QW1tRWZmWlh0c0hISlg4VnNyZWp5TTBuam1jcWNzYzg3VDV4U2VSRllWSmp0cFR6dm5lalE?oc=5",
58,2025-09-19 21:30,googlenews,다이어트,"고구마는 다이어트 식품일까? 살 찌우는 식품일까? - 헬스조선
https://news.google.com/rss/articles/CBMidkFVX3lxTE9tQVM3eEtqeFI3cG5DRE92NEdwa1lnN25PUGVQd19NRHpSR2lzN0x0dWdDSnZ2N01kNFdXV2x6UjlxZUxXOWcyaDFJYURoTm1ZTklicjlKV3ZIYm5UQ3JYd1prWGVfVHRaQ2xjd3UxZWRhX1hmc1E?oc=5",
59,2025-09-19 7:00,googlenews,다이어트,"플라스틱으로 음식 부풀린 ‘테플론 다이어트’… 2025년 이그노벨상 - 동아사이언스
https://news.google.com/rss/articles/CBMiWEFVX3lxTE9QdFlDRDh0b19Tdm1GcHFBM1RrNHkzM180ZnhxTkxzOURBNEZfZVZlOHExbWVyZEgybHFGS0Z2amczQWozUW1TMVV3WjBMSUlkMVBUekhndVU?oc=5",
60,2025-09-19 7:00,googlenews,다이어트,"“드레스 입으려, 혹독 다이어트 했다” 손예진… 평소 관리법 뭔지 봤더니? - 헬스조선
https://news.google.com/rss/articles/CBMidkFVX3lxTE5JTWV3Mlk3TElrWFRBUlljTC03blkwajVyYlNlaGxjNng0c3NJbTk0LW9ZMmJXR1MtZWVIMTRONmVzaEhEQTdUeU9GdjB2bXJpRU1SOTdEZmk0SksyWW1kSTBMZ3cxUmlUbjZzNkFDZGQzQ1lpNVE?oc=5",
61,2025-09-18 13:20,googlenews,다이어트,"과식하는 패턴에 따라, 다이어트 방법 다르다… 나는 무슨 유형? - 헬스조선
https://news.google.com/rss/articles/CBMidkFVX3lxTE5MeC1oX2xEbXpFMWpVNWwySzB3OUlreWpHYllYQ3dqcWpQZklEYk1LbWhfRVdsNTBEYm5BcUlqMXdoNEx2bGx3aTBMY0htbldNM1BjQkdNWjhPMVdWYTdXZVlxWUxMNXRjTW1WbmtXZWRNdWNsbWc?oc=5",
62,2025-09-18 7:00,googlenews,다이어트,"“살이랑 부기 쏙 빠져”…오연수가 만든 다이어트 음식 보니? - 코메디닷컴
https://news.google.com/rss/articles/CBMiQkFVX3lxTE9wdGFyRTJVcjBCeWtfMy1hSlcwakxKeWQ5TDlxWlFVY0lLMW9uMVg2T2VwTTkyY3FuVFBHbzNocURkZw?oc=5",
63,2025-09-18 7:00,googlenews,다이어트,"“홀쭉해진” 강재준과 강남… 이들의 공통적인 ‘대박’ 다이어트 성공 비법? - 헬스조선
https://news.google.com/rss/articles/CBMidkFVX3lxTE9tOGswcV9fX2MyV3Fhb0o2aHFERkd4QTdfRHRaNGtfQVhpRkF6ODZjc1hLMTRJZFBDcE9TZklxYUE4cDNjVXNGNm9vV0NQRXltZk9BUEhaWW93N2t1Q2QxUXNzTTdvcmZtb0FFMGZLclZhbDF6alE?oc=5",
64,2025-09-17 7:00,googlenews,다이어트,"“살 빼는 데 최고”… 오연수, 다이어트 비법으로 꼽은 건? - 헬스조선
https://news.google.com/rss/articles/CBMidkFVX3lxTFB3Wk9Gcm5kdDNZOGdlR1BUV2VXdGs0b3doNkUyTFRTcnJZSkc5em9DM3k2NDJvalp4Ull1QWxsVlFSaEJvNDRLdG1xR0E0c0tTeTFqaTkyNDRza1ktTE16emswdDJUbm1fTURuUXBiOWpmbmFtWkE?oc=5",
65,2025-09-16 7:00,googlenews,다이어트,"“라미란 맞아?” 13kg 감량해 홀쭉해진 모습… 1년간 ‘이렇게’ 뺐다는데 - 헬스조선
https://news.google.com/rss/articles/CBMidkFVX3lxTE50V3dUYlFwX0FINk9NN2Jwd0FLOHV2N1hCRXBTV3dDRzFNUnUtMlBPMVZGcXY2MkxrbEgxQm1VR3BHT3kxaTNNM2VzeVdMa1lnSHhLNHE5T01uWDBOLVdGZDAyNUEySV94MnlTbUhLcFZDQkVaOWc?oc=5",
66,2025-09-16 7:00,googlenews,다이어트,"‘이렇게’ 먹으면 잇몸 염증 줄어든다… 다이어트에도 좋은 식단, 뭘까? - 헬스조선
https://news.google.com/rss/articles/CBMidkFVX3lxTE02UTlwV3JpUjRsLTBEODJWU2VkWU0xMHhadk5udnQ3ZWs4QVp2Tk5Cc1VHdUR3SFQyS2dCYmZYODRTNkI2N2gzZ0htU0MxMHJJSVBLem1vSVdoTmd2R25VNlRPTXVVOTY3ZDNtOHVRTV9jMlBDamc?oc=5",
67,2025-09-16 7:00,googlenews,다이어트,"“위고비야 뭐야?” 라미란, 13kg 빼고 ‘노출증’ 생겼다고?…다이어트 비결은 - 코메디닷컴
https://news.google.com/rss/articles/CBMiQkFVX3lxTE9pLW1DVmJNNnVjdm9EdzVRUE81WnZDU0czY2tmdmF0UlNMYkdBM3poQjllMzQ0Zk1MWVRZSkQ3c21mZw?oc=5",
68,2025-09-16 7:00,googlenews,다이어트,"“살 빠지는 음식들” 이정현, 무대 앞두고 다이어트 식단 공개… 뭐 먹나 보니? - 헬스조선
https://news.google.com/rss/articles/CBMidkFVX3lxTFBSdVBTNk1iREJ4VFJmN2lEdmlGazFTYjVvdDQwYkNxV1NNRHA2UGI3ZTFiWWNwMWhNemF6OVo5TjF0Y1hjR1ZWU3lLZlNWb3VhUkMzVDBVTWxpellJNkZnVDAtZXdnMDJaVGdjYVloQzBtbERMbEE?oc=5",
69,2025-09-15 21:01,googlenews,다이어트,"최은경 “다이어트 안 한다”… ‘이것’만 체크해도 몸매 관리 충분, 뭘까? - 헬스조선
https://news.google.com/rss/articles/CBMif0FVX3lxTFBNUFAzcV9kNjlNb3BwaFZiVl84WS00X3N2bVhWQ0l4T3pNbzZEb0tXWkZaM1N4RGJTeERGOU5tM0ZpUFYxcUxlSG1fVHhQOUtXRE51T3FOUXIyWE16Yjc0NGIwUDJJbk1fYUtreXVKZHV1bHotSmptTlJ5dmgtOEk?oc=5",
70,2025-09-15 11:03,googlenews,다이어트,"오윤아, 다이어트할 땐 ‘이것’ 꼭 먹어야 한다는데… 뭘까? - 헬스조선
https://news.google.com/rss/articles/CBMif0FVX3lxTE1pTHF3SXdudUFXcjZOMzkyazNtLU9Xbk1IMTYyRTZ6czJOTWhMNU8tQWs2VkJZYjQwU2ZNX2p4VzBxc3hMdkxHaVFnWXpPU1FVX1pnUXk2OFZDbjU1TF9YUFdqQTg1OEJQdHFESGx0QXJzWThHYVpMUEp1eU9vQW8?oc=5",
71,2025-09-15 7:00,googlenews,다이어트,"“암 이겨내고, 다이어트 결심”… 정체기 지나니 훅 빠져, ‘14kg 감량’ 비법은? - 헬스조선
https://news.google.com/rss/articles/CBMidkFVX3lxTE1OREhGZEVCczNTMUtHOUJFbGRYZm1iNENwcl82Szc3N3VIZi1wdkhBOWdBLXpuOVdPODhJZWhOcGI4cHQ0WU5WRW8tZGpRNnU4STNYR3paZUpLaGM5NEJ5QUxwNkRITG83QkoySzR0elRFU0lMVlE?oc=5",
72,2025-09-15 7:00,googlenews,다이어트,"“맛있는데 살 안 쪄 좋아”… 황신혜가 만든 ‘다이어트 빵’ 레시피는? - 헬스조선
https://news.google.com/rss/articles/CBMidkFVX3lxTE9ubWNmVmdtVlp0eVU0Y1NKYlhXeWk5ZjJHODV0ZzJIbEpLRmd1ZGI0TDVEcDRyMmowdDhpX2thRlFFVXVYZWZpdGVDWjJ6eXlvVndkNnRvWVBtdFA0dkR4TE5fZWhtU3hGemhfbENrbHFOREJvYlE?oc=5",
73,2025-09-15 7:00,googlenews,다이어트,"‘26kg 감량’ 이수민, 얼굴 반쪽 근황…‘이 다이어트’ 효과 빠르다고? - 코메디닷컴
https://news.google.com/rss/articles/CBMiQkFVX3lxTE5iMjZJMURnaUFTVWtlMm5rbVR2MjRYYU5DbnZ3ejI2WnJKUTQ5MGV4a18yZzlmNnhfRDdBRWN5YXdvZw?oc=5",
74,2025-09-12 7:00,googlenews,다이어트,"‘45kg’ 박하선, 다이어트로 ‘이 부작용’까지 겪었다… 얼마나 심했길래? - 헬스조선
https://news.google.com/rss/articles/CBMidkFVX3lxTFBwUWk4MFJ2LWxFZmhBakh3WHdqMDdxZE9SVWlvRnFiREZ0Vk4xYXRPTnRPQU9RTFczOXhkWEhDRDVEUVFJRmFNSE5uV1R2Mk1Eb0ZtV3lHOVZlVUc4dThnUGRMZGZaOGFmMHA0TWlEd1RNaFkwUXc?oc=5",
75,2025-09-12 7:00,googlenews,다이어트,"“두 달 안에 살 빼겠다” 스윙스, 다이어트 식단 공개… 뭐 먹나 보니? - 헬스조선
https://news.google.com/rss/articles/CBMidkFVX3lxTE91azJ0dkpZa19xc010U2xVdkxxVW05MU9NNjd5QUVpT1VYellEN0hHSnFNcFc3U1NlV3cydTVtUGRzQXFNcllzZE1zS25GNUM0M0ZfREtsREFBSXBYZGNZMWliNFI5dXdPVjdSUUV0VVFIZE0yQnc?oc=5",
76,2025-09-11 7:00,googlenews,다이어트,"“다이어트 따로 안 해” 아이브 리즈… ‘이것’만 지켜도 체중 유지된다 - 헬스조선
https://news.google.com/rss/articles/CBMidkFVX3lxTE8wa0hDOFNCU3FSMWlQWjlGTTZMeUIyVVREREcxdnJMT3Y5Vk1sRnZHN3gzUjlWa3JNRHFpVERYSmJTZDlqS19MSm1keVZGanljSmhtMGxnM3ZtNVJmVGtaaVpRMnZxS0ZoUG00dFlfQUtYYmpnMGc?oc=5",
77,2025-09-11 7:00,googlenews,다이어트,"위고비? 운동? 다이어트?...하지만 거기엔 커다란 ‘오해’ 숨어있다는데 - 코메디닷컴
https://news.google.com/rss/articles/CBMiQkFVX3lxTE14SnF1Z1A1OWFEb3pTTUxWZlRkXzREbWtWQ09vTHRJcGY5QWRuQ3F6ZTJXWWtNYmttU19rbDNjWFY2UQ?oc=5",
78,2025-09-11 7:00,googlenews,다이어트,"‘27kg 감량’ 홍윤화, 다이어트 중 디저트 당길 땐 ‘이것’ 먹는다… 뭘까? - 헬스조선
https://news.google.com/rss/articles/CBMidkFVX3lxTFBVMDdVTFFIV2E0UFQ3bV9vR2ctOXd1T1RLbTJnaEpCSGp0RG8yOXhaMl91VnZxME96Nzc4ZU5yamh1SVlCa25BOGJBS1otazZJLWZqX1JULUlLLXhVOGxPQm1pSUYtVXcxSGRUUGxNYWF2SWlvelE?oc=5",
79,2025-09-11 7:00,googlenews,다이어트,"다이어트 열기 재점화…지역서도 뜨는 저당·건강식 - 경남도민일보
https://news.google.com/rss/articles/CBMiaEFVX3lxTE52X1cxbUY4cktSTnI5eGpqLWRvUGhqTjVWWFlvc2dOdTlLOUVIMG1HWXBpRU9SYWxJNzhya194dTB4ck5qMFdMSGFpcDFlc1FQZWxURzZ3eGdOOWZRbThZQmJTcjhMQ3pF?oc=5",
80,2025-09-10 7:00,googlenews,다이어트,"‘52→43kg’ 선미, 다이어트 또다시 성공… 배고플 땐 ‘이것’ 먹어 - 헬스조선
https://news.google.com/rss/articles/CBMidkFVX3lxTE9uQlRRMnVBSG44Y1psaklsLVVkSTVDd3dvbzFNQ3BrWnQ0WmxHM3NOM1ZtQXdnMXVFZWlpc2NoekFQYml4Y2JlQzljNUp6TVR3UVRrbWlMRkliYTVoUnZ4R1YwRmtCV0swTGQ0UWxQTTlsQ3U2ZHc?oc=5",
81,2025-09-10 7:00,googlenews,다이어트,"“다이어트 망했다” 성시경, ‘이 음식’ 먹방… 왜 안 좋은가 보니? - 헬스조선
https://news.google.com/rss/articles/CBMidkFVX3lxTE9HNEpkcEw1TlA4MC1iYjl2dXlYLXJSX2VGbHMyT3JLc01la2lBYTVlOHE2T1A5UFVHQUtrWGdQRUlvaW1DdHo3eldhZWlSUzFSVER4enpuZTZSQ3N6Z3UtUFRXczVrVXdhV0hkekxSMlBoOFR5TWc?oc=5",
82,2025-09-10 7:00,googlenews,다이어트,"“배 쏙 들어갔다”… 박지윤, 4주간 ‘이것’ 했더니 성공 - 헬스조선
https://news.google.com/rss/articles/CBMidkFVX3lxTFB3aDJsTlZxWmJYeGtqUERQMDAza1otWVVMWmN3bWpWdUZaX2c4TUJGRE4wQnV1YW52ZEFnSTQ2Q0VtZnFSNkMzWUhuOTZEblF3MG52TzNoc2stc0FkZndTcXBHYWxBd18wa1N3RmhES2RfVHp5Q1E?oc=5",
83,2025-09-09 7:00,googlenews,다이어트,"‘17kg 감량’ 풍자, 다이어트 중 ‘이 음식’ 걸림돌 토로… 얼마나 안 좋길래? - 헬스조선
https://news.google.com/rss/articles/CBMidkFVX3lxTE9ZeU5wc05qNndudmEtbmx5UmxoajZYaDFiemtLTEozcGlITk9hTW5TZDFHNUtDczFqTV9kSXVzRDVsaW5IekdpS3ZLdjZySzNpUk1MY0JqV3BMOFFlTC0ycmVYSTViNmpZXzBmZ2tmYnlfQlZncVE?oc=5",
84,2025-09-09 7:00,googlenews,다이어트,"49kg 신혜선, 다이어트 중 ‘이 간식’ 즐겨 먹는다는데… 뭘까? - 헬스조선
https://news.google.com/rss/articles/CBMidkFVX3lxTE4yWDJhdkY0Vi1la0toX3pYX2JvN0N5ZlFzWmNCTl9KWDJDM2k0cHN1dDdjOHgtVDl4d2U0RkM0eW9aOFU5MGZsa1pTeFUtYXhXOC1tdWNBZlZxLWR1bTRjV2lHZzk3TUZuT0ExLVRiWlNUUm9XeEE?oc=5",
85,2025-09-09 7:00,googlenews,다이어트,"다이어트 한약' 부작용 사례 속출 - 의협신문
https://news.google.com/rss/articles/CBMickFVX3lxTE0wUHFPaXY4a2RDQi1ncTd4clNIZU1kc0tMUV9taTFxRDZEUFliekZIMWVNVnNPSGJMakg1Qlc2U1FlM2cxeXN6RGRCX1VGUFdrYWF1MmYxWEZqU3l6cW1JbFNxR3ptckVXZlJTOUk0bVQtUQ?oc=5",
86,2025-09-09 7:00,googlenews,다이어트,"요즘 핫한 '이 다이어트 음료'…먹고 난 뒤 ""어지럽다"" 발칵 - 중앙일보
https://news.google.com/rss/articles/CBMiVkFVX3lxTE1rUzA0WGR6WkZJV2tiYU1ydU4tU3lxQWVUcEtJNmh3UF9NMnNnR2k3dndveUdtaTNIbm83WFNXaFdkWW5kZzZydDRmOVlpX3BSYXVHelRR?oc=5",
87,2025-09-09 7:00,googlenews,다이어트,"“아빠 된다”...결혼 앞둔 곽튜브, ‘이 다이어트’ 다시 돌입하나 - 코메디닷컴
https://news.google.com/rss/articles/CBMiQkFVX3lxTE1yeXFpQzRVMW01czA5OGctS2JLZko2UDBjeFFkeFZYeGhlbXVtaTE0ZDJsN3ZuQ0M2Tzh2Vzl6d3drZw?oc=5",
88,2025-09-08 7:00,googlenews,다이어트,"팔수록 손해보는데…면세점들 '다이궁 다이어트' 힘드네 - 중앙일보
https://news.google.com/rss/articles/CBMiVkFVX3lxTE0tbWxWcDRsbmJsZXJfMFVZZ1JON09RZEdDNWNyRTdKSXJOTUxORkdMam52X3h4MkRqVlpIZm9zQkRHYjd5ZGl3NG5oRl9ZV2NFMmNOYzdR?oc=5",
89,2025-09-27 22:00,googlenews,유산균,"[인터뷰]치대 교수 관두고 판매한 드시모네…유산균계 에르메스로 - 한국일보
https://news.google.com/rss/articles/CBMiakFVX3lxTE5BMjVFY242cTJWX3hfNFVOUV9pVmczelFnN1B5VW15bGItblZMazA0LThxVVN3ZlhRcm5mS2FoNjRwSGxaU2hUY3lvS1NvX0RUU2dVTEtjV2hCVGZzRmtrcnBlanEwSk5ta0E?oc=5",
90,2025-09-26 6:46,googlenews,유산균,"헥토헬스케어 ""유산균·오메가3 함께 먹으면 대사 개선 효과"" - 팜이데일리
https://news.google.com/rss/articles/CBMibkFVX3lxTE8zd0YzOWN1MXctYnFTTl9wMUNPWDNIVEhVNUNlaEhCdzh6d3B5RWJacE1QdnBOWk1VaDQxZTlLSFhmSjY3QTZTUlVMRGtxMHRfU2U4dWxTTGxRdW42UzlDS2JJS1BJcHVhSnVjSk1n?oc=5",
91,2025-09-26 1:22,googlenews,유산균,"바이오리듬, ‘락k-1 피부면역유산균’ 1+1 프로모션 진행 - v.daum.net
https://news.google.com/rss/articles/CBMiVEFVX3lxTFB5cl83bks4TlhvNmFVc09fSFVweVNqLWlmNENUVnBBa0I4SHFyQUdUR0liaGIxc1V4cEptVVZCN0YyR3NzczFiMFoteTFaMFdaVHlnMg?oc=5",
92,2025-09-25 2:15,googlenews,유산균,"주식회사 비오맘, ‘2025 소비자만족 브랜드 대상’ 영유아유산균 건강식품 부문 1위 5년 연속 수상 - 중앙일보
https://news.google.com/rss/articles/CBMiVkFVX3lxTFBUUEFnbnRUWlk1WUpjZ2QtTHYxNmFnVVNpdXVuVWtiRWx0RlFTcXNsN19nOHFGSEVzYW5oRWlEMXlXVVVpQWpFSFVVSWhQOWxVZl8zMkl3?oc=5",
93,2025-09-23 20:32,googlenews,유산균,"[2025 소비자의 선택] 고기능성 유산균 시장 선도 - 중앙일보
https://news.google.com/rss/articles/CBMiVkFVX3lxTFBUWVlOQW9ydndJb0N5THkySDVORHFTaXpxcFRaNFlKWUdmSUdrakhuMXBJZlhmYWxFc0ZYdi1adnZvTEhYVVRpaDZ6X095alh4Sk9oQTJn?oc=5",
94,2025-09-23 20:31,googlenews,유산균,"[2025 소비자의 선택] 갱년기 여성 위한 유산균 돌풍 - 중앙일보
https://news.google.com/rss/articles/CBMiVkFVX3lxTE5XVkxzX2kwc0U4SXdybEd0dlpTQVptMk1ZSjVfeE5pekR6ckhfYmRnMWhvc1oySzN1T0lxXzZBMFlTNGlNeWo2Z2ZPdGhCcFkxaEtKcXJB?oc=5",
95,2025-09-23 3:13,googlenews,유산균,"바이오가이아 유산균, 2025 브랜드 선호도 조사 2년 연속 1위 - 베이비뉴스
https://news.google.com/rss/articles/CBMiZ0FVX3lxTE1MOGhUZlZ5OE9HeVJva25DWGRWWTFQazY1eWl6OC1uSmpEOGRleGpXb1JKMktFT0hPTDl3eXdkaDQ2RlprRUhWYjkzaTVwX2xCMjl6SmlNc1ZXQTlWamxVeEpYV1NuUTQ?oc=5",
96,2025-09-23 0:39,googlenews,유산균,"헥토헬스케어, 프리미엄 유산균 '드시모네' 글로벌에 알려 - 뉴스1
https://news.google.com/rss/articles/CBMiXEFVX3lxTE9tMllrRThibEFzS0xpT00wOHA0QTBMbHNKel90RjVWdGJRQjhFLWJobWFEMlQ5N2otcnF0Z1V2MEp4a3JId1ZIZTJ2bUhNUGwxLXg4eFBteURwbHhG?oc=5",
97,2025-09-22 8:09,googlenews,유산균,"일동바사, ‘PPP 유산균’ 태국 첫선 - v.daum.net
https://news.google.com/rss/articles/CBMiVEFVX3lxTE5kcnNZNmJscUVIR2JKcTU4TVVENjZaUWhTNTZWY3hCdzlfQWdZeVBCeDdmUjY2alNXZmxOeVM3ckZFYVZNT2tHcU1PdTNHZXg1aU93Vg?oc=5",
98,2025-09-22 1:49,googlenews,유산균,"hy, '녹용유산균발효분말' 근력 유지 기능성 식약처 인정 획득 - 연합뉴스
https://news.google.com/rss/articles/CBMiW0FVX3lxTE1lZkJxNl9NSjZpQ3RZOFFVNkJ6dEptb2FueVg3c1ZXakJmWVQ4RUZBN213a3E4U0N4VDlFTFFYYVJGdnhnbGNWQ2JwOXdSQ0tYS3Qya09hcUgtcEXSAWBBVV95cUxPdGwtaGlNT2VOOXRjR2tTQnFPcnBKZmVweWE4SUNoMTJfbHVIdDB5V1p5MjVkZFFvTThxTTRpc3Vnd3VER2ZTX0NHVmIycnNIeHVTSnVHVF92TkRnMGhRMW4?oc=5",
99,2025-09-22 0:54,googlenews,유산균,"hy ‘녹용유산균발효분말’, ‘근력 유지 도움’ 기능성 인정받아 - 식품저널 foodnews
https://news.google.com/rss/articles/CBMibkFVX3lxTE45VHh5OGJhdzB6cmplWEZEOGhHOXJLWDRfRnBqRS1BM0lFN3Z6Nzktd2psc3NlWkE2N08xQ2FxMmNrZjN4TC1ycHp2RVlJQ0tRaUFHV2ZZS1JZbEZYY1VYdFJ3Nmd1a0tqRXhTbXd3?oc=5",
100,2025-09-22 0:24,googlenews,유산균,"hy, ‘녹용 유산균 발효 분말’ 식약처 개별 인정 획득 - 조선비즈 - Chosun Biz
https://news.google.com/rss/articles/CBMihgFBVV95cUxPOUxkTW5NNDVWYVNOajdRWV9aOGZ1YkF4aWJjTmh2OU9BUkFucnRVQ1J1Wllpd1ozQlpwVU9yOFpVMHl5YjJTX0VWTkNENUJWZTdzOG1pOUxfOEo3aHgzWm5tblFXN29xbS1zTW9tdDhOUFdZSU9va0dZbHpKZm5WSGVnd3BLd9IBmgFBVV95cUxOd3VmWGdMQ0cyclpMNXdUVHVJWlIzR0djYWRZeVJMS3dvdlg3MDMxNldKSV9iN0FBX05JdTVzNDlDWUxONkU4VW1feVJ0VUdQTjZjSFhLdk1hLWZWRDhSOTR6TU1HdTR5Zkowd1FtdzRmMTdrZWtSMkRudGpHTTdXV1NkQlJKd0lrQm1nZjlXenBaMTJ0WTJlM21R?oc=5",
101,2025-09-21 23:52,googlenews,유산균,"hy, '녹용유산균발효분말' 식약처 개별인정 획득 - 뉴스1
https://news.google.com/rss/articles/CBMiX0FVX3lxTFBPRmFsWUp0X2Z6NHg5Z3d1RWM1WW5jYUxWMWNPRmtkYVFSTEdmSm1wQVoxZUNUcVdEOFFxWHduZUNBYnYySWdIODZSbHpoRmhXZWZVS0R0V0hsR0hwY2o4?oc=5",
102,2025-09-20 22:00,googlenews,유산균,"동원 쿨피스, '국민 유산균음료' 등극…K매운맛 열풍에 동반 급성장 [장수브랜드 탄생비화] - 뉴시스
https://news.google.com/rss/articles/CBMiYEFVX3lxTFBSYTBhZXoxNF9HVklGcHFVT005TUdCR25MX2gwLUdZV0N3dnhPbGpBNGVkdzVpUE1GQzR6MGhPbGNUcHdJaUtSVzVVc2pncktyMkN2OWoza3BnMTFSdFNMOdIBeEFVX3lxTFA3dW1NSGl5TlVVNU5PcTFTckdScGhOek5tWXJFY1VoaVVKVGI5c1RPZ0NBcG9xWXFSUUM1U29OeHNjUVVsdXFyWTRWUm95QlkyTzIxM3VWME9BODQ0MkdvWnh4RWhfa0lBc1VqV3FvVmFfNS1CV19ieQ?oc=5",
103,2025-09-19 9:12,googlenews,유산균,"엔비피헬스케어 바이크롬, 치매 극복의 날 맞아 ‘바이크롬 뇌 유산균’ 출시 - 약업신문
https://news.google.com/rss/articles/CBMie0FVX3lxTE0tWHdwRzlnTjYxQWpnN2hkRmItM29yRFZpcFBZZllDNDc5T181LUE0Z3N5dFBQdU1UcVEwMzhJRXRGZWZXZVVLa1ZQSWRQQ3NNWENTNENsSjZ1SHo0QnFlWXJyQjVkRUdGc0pVQjZZSlc1RGlpRHNqOTNpQQ?oc=5",
104,2025-09-19 1:48,googlenews,유산균,"바이크롬, 치매 유산균 출시…'1+1' 예약 구매 이벤트 진행 - 요양뉴스
https://news.google.com/rss/articles/CBMib0FVX3lxTE5QZFpJNEFuM0JDVjN5SEdLbW4xel92R1dLSHJDenVQVXZRV09FczFBbVNIbWMtNm56R19LNjN2VmdBMXRjdjY0LUVWZUZrc2xUZHJKNUZ3UEtTYURabzFFRDVnblBnV3UteDZISGVTdw?oc=5",
105,2025-09-19 1:07,googlenews,유산균,"풀무원녹즙, ‘식물성유산균 혈당엔’ 누적 판매 100만 병 돌파 - 식품음료신문
https://news.google.com/rss/articles/CBMib0FVX3lxTE9sNkNyT0F4YkpHNkF1bmRwM29OY2h5WDBVSm1vTzg2d3VQX0MwX1hJRUhPNEVNZ050aUVmQWZQbk1RMi0teDgtY1lWQlhjclhzZExzR2lIRHdrUHBnTUlQN2t2ZHliSEd5S2RBOUdIQQ?oc=5",
106,2025-09-19 1:02,googlenews,유산균,"메디오젠, GLP-1 분비 촉진 유산균 ‘B. lactis MG741’ 특허 등록 - 바이오타임즈
https://news.google.com/rss/articles/CBMibEFVX3lxTE1mcThPWXZscnhRWVBHWmgwQ1FSSFpxdHktYmhiOFNJc3YwWHJvWEl0dWpQN3lNYTNuekpNQWpNc0dZWUYzNFFHcjVmeXFpcVdWNVpidlQzc2VMZGFDQzZxU2VleGdzbm4ycGl1dw?oc=5",
107,2025-09-19 0:30,googlenews,유산균,"9월 21일 치매 극복의 날 맞이 식약처 인정 치매 유산균 ‘바이크롬 뇌 유산균’ 출시 - 뉴스와이어
https://news.google.com/rss/articles/CBMiX0FVX3lxTFBFQXp1TzlSNUNzcEZ0U1E2SzBPOFp1VzduMDJCTUlXR0drYVJYRkItXzdOb1ZFTzl3YV8teU9mMXdId29HWkxaM3NtS2ZHaW9oQXUtQ0xmQWY4bDNEUU1Z?oc=5",
108,2025-09-19 0:11,googlenews,유산균,"메디오젠, GLP-1 분비 촉진 유산균 특허 등록…""대사질환·근육 동시 관리"" - 뉴스1
https://news.google.com/rss/articles/CBMiYEFVX3lxTE9Ubi1uVmw4RDdtMlV3cHJrbVhtakpKX0lhZnlNSnFqMnBKWFNaU2R3Y1ZxVzEtOUVuVENMLXlIaW1pNk0xMnFTRGhtZDNnSUkzeXJET3VORzIwT3ZXTG1qdg?oc=5",
109,2025-09-18 4:16,googlenews,유산균,"쎌바이오텍, ‘비타푸드 아시아 2025’서 221배 강한 유산균 ‘듀오락’ 선보여 - 베이비뉴스
https://news.google.com/rss/articles/CBMibEFVX3lxTE9qM3M4T0NmWmZ3RTJ0R2JDSGJCalduVU5BcGZmV2x0ZU5IcE1FSzFCWHN3cEJScm54b0JIZTBDUXhiRExZN1Z6bnZ0ZDhacjJCOVdBVnBJZV9zak8zUm9aQzBZeWxaS1lSZTUxUQ?oc=5",
110,2025-09-18 2:55,googlenews,유산균,"쎌바이오텍, ‘비타푸드 아시아 2025’서 221배 강한 유산균 ‘듀오락’ 선보여 - 팜뉴스
https://news.google.com/rss/articles/CBMibEFVX3lxTE9VdGpWT2RnemktX3ZaTTZ5cG1ETER2TTNXTENqN054MW1IaTRVZ1MwZWk3QjJWX241a1pwUGh3OGlLa3pRbnNBaEViZFMzZjE3aDNMSHNraTI0Vk01X3FRRE5sVzN3UUJwazBUONIBcEFVX3lxTE41cGJUUmh1VnhYb091R2x1aVU0dEZPSGV2aGJqLXE2Xy1HUmM5QVBzbjBoYktqdEZGMzlrMm1XdUhJR2R6cWprbl8zTmZna2hpMFlkWG1CNEZhQ0FUSVRlU054MFBFRTNKYV9JcjlUc0o?oc=5",
111,2025-09-15 7:00,googlenews,유산균,"최대 221배 강력한 장 속 생존력… 강하게 키운 유산균 ‘221배 강한 유산균, 듀오락’ - 한국경제
https://news.google.com/rss/articles/CBMiWkFVX3lxTFA0Nk0xMnhUV2xJM0QzODJ2c1ZrMlQyZ0lsbTNVSDlGRnhFeWdvRDFyREZpajZCWVdNQWNCQnVhZFZLR0wyMHVYdFJObVpXenlZZm9xQlJfa3Z4Z9IBVEFVX3lxTE12VXFNWUw2bXlxTEpSb2lpUWp6UG9ieFVEdUd3TjZFOWw3cFM4OEtXS05VbndQa2tUUDhTZ1NlMmtDOEdqSUl1ejIyODJwZ0VuRmRvQQ?oc=5",
112,2025-09-12 7:22,googlenews,유산균,"이창규 대표, “장(腸) 넘어 뇌·면역·대사까지…복합 기능 유산균이 뜬다!” - 요양뉴스
https://news.google.com/rss/articles/CBMib0FVX3lxTE80cVZaMl9XZnJvczEyc3dnck9aODRoODFsMnY5SHAxejRva25zV3lUcjlaUGstZ2xmRzByQXRFSjVvRGllbmdhRm1vVFBWSEtJQVJkalJnWHBlZGYtenUxQnJiaHFOaXdUSElaSE1Dcw?oc=5",
113,2025-09-12 7:00,googlenews,유산균,"대사 유산균 8515, 출시 6개월 만에 310만 포 판매 돌파 - 지디넷코리아
https://news.google.com/rss/articles/CBMiVkFVX3lxTFBGcXNXNEVNNkxRcEhEb043SDQxYnF5dk9fcVZaczBUai1rallra0RWUkFfR3Rnb1kzSzhHbjYxTHh2WTF0VzJRb1pxYmc4RnJ5UG5zM3BB?oc=5",
114,2025-09-11 7:00,googlenews,유산균,"서울우유협동조합, 마시는 유산균 ‘서울우유 요거트 프로바이오틱스 플레인’ 출시 - 헬스경향
https://news.google.com/rss/articles/CBMiakFVX3lxTFAtMHBOV0k0Q3p3bXVDZGQ3UGpaRmszVkt4T1JMZVZ3d2RBeWk1SnFGV1k4Z1Z6Uk0xQ0tLc3pmOG93Z1FCaHJKQWs4Rm96ZlF6bDhQOW1DOGdMOHVrZzJIUUo0QkI5NFlJZmc?oc=5",
115,2025-09-11 7:00,googlenews,유산균,"[이희태의 '반려미생물' 톡톡] 장 속 1% 유산균, 건강의 동반자 되다 - 더바이오
https://news.google.com/rss/articles/CBMibEFVX3lxTFBwTVBXQ1kxUmQyLWs0NWtWN3ZMUkVkWkRTcmd5eGlfWnZsMFFUNGVLTzBlYXBnZTdpV3VYWC1panBiaE5oallwS2pLTDNyemxnOTV0VGZMbk1BMTcwMnB3T3BqajlnNkZISWEtddIBcEFVX3lxTE00MVZxS08zYTdoNGNsUDAxc1JLQnJYNFh5eTh3RWV5Q09JSUtDb2t6TDJxT2o3WGhyUktJVmlneGV4X2Q3R1lSSW1uOWEtWmhHenB4MnVoa3B3OTR1VF9OX1RwU3FPb09oYzhMTzVhOWs?oc=5",
116,2025-09-11 7:00,googlenews,유산균,"유산균 듀오락, 손석구와 함께하는 ‘221배 강력한 선물대전’ - 파이낸셜뉴스
https://news.google.com/rss/articles/CBMiWkFVX3lxTE1NaWZuVlU5a1VwczZYQU9ETjU2dVRwMlpzbUJ2bFQ4TXlXdXpuWlRqZ1ZvNzVfSVY4Wll6b3J4VWFtR1ktdFJmeVJMVzJPcmlZQWtSVVZURmVUd9IBXkFVX3lxTE4waXZnOUhkYXNFS2tWY0JOMW5KWER2bHM5TWpSa3VjQV9NOTN2ZFhUY2lTTUY3d2NFT2ZqWVZmc052MG9paHhXd3pkY1kyUkNBeEV4RVpyaVUzWlY3ZUE?oc=5",
117,2025-09-10 7:00,googlenews,유산균,"김치서 찾은 유산균, 궤양성 대장염 증상 잡는다 - 연합뉴스
https://news.google.com/rss/articles/CBMiW0FVX3lxTFBfWG9sWkxOS3JVNXlKMTVOTU55c2RuNDZ0SXhuRWszWkNDc25TOGxEdDFHVmZsYnRNWHZjMFdxUkJBRXM5NmtFVnZ0OGVzRVRjV0RiVkcwb1NvR2_SAWBBVV95cUxQTTZxMGEwRDJ3eFVvTnRDQl9aZVREZk1JSFh4MUhrbzM5WC1ZSDdDZ29wT0p3ZnhjcUlDSDBTdHBfU0VHRDUwVGNBUWFQQ0pfVE5TZEdJWEpmVThYVm5zQk0?oc=5",
118,2025-09-10 7:00,googlenews,유산균,"김치서 찾은 유산균, 대장염 증상 잡는다 - 교수신문
https://news.google.com/rss/articles/CBMiZ0FVX3lxTE5vVERGNExtMTE2UTNzNjBJSHpreF94bE1uS0ZDWGRQY0RqVU9qaUNrSHlGMnF5ZWJrRDBEVXlwY1RRUUY1YlRTNzk2NVBIT1A4RV9BcEVXQ2ZoN3pDVTd0UFdENnd4WjQ?oc=5",
119,2025-09-10 7:00,googlenews,유산균,"픽스그리머, 한국인 맞춤 유산균 인플로나인 혈당컷&유산균 출시 - 메디컬투데이
https://news.google.com/rss/articles/CBMiXEFVX3lxTE5CanBNanR5a0FtcUpJMXB3S0lBZEdjMEsxUlBBRUpuOERvX0tKd1ZJMU1fZ0kybS0yQmMxTVRiQWpseVJaUVNuS0wweDJpVG5uOFZFQkVKdVJhaUNU0gFsQVVfeXFMTmoxNTZVSTY3LUlVNHpJbkV5ZndHTE1nYUgxSEhick54SW9qOHVvTGd0cENZel81SXpGcWVHWEN4QS1QN09McldaMmYzNzI2Si1heENMZVhWNjNRWDBUT0lSMUhXbnhDXzJaRXBt?oc=5",
120,2025-09-10 7:00,googlenews,유산균,"서울우유, 마시는 유산균 '요거트 프로바이오틱스 플레인' 선봬 - 뉴시스
https://news.google.com/rss/articles/CBMiYEFVX3lxTE9RY0FlSHNpSndLb2lKSEhoTUwxME1RMXY0aEhPU29WTFEzS1o5RmNtRWxkM1VTbXIzMWo3U0VfTDd4aFB1S2xRbmNMZjV5UVBGSUVHWmIwYkp6dFBKVnVnbtIBeEFVX3lxTE1MRDNoQTh6WEdYZmJwU3RfWW1HSlZ1RzE2enZTSXZNSEtsTm9CcjE3ZjNPS1pPZmpVb3o2MGdIN0lHcVNIVjlLTHRFN2c0bUx4Y3l0OXNGNWdobnJkZ2NwQ2E5S3Zsb3VhQzN3QVVwNTdJMlNGT1hVbQ?oc=5",
121,2025-09-09 7:00,googlenews,유산균,"""221배 강한 유산균""… 듀오락, 손석구와 함께 한 광고 캠페인 공개 - 브랜드브리프
https://news.google.com/rss/articles/CBMibkFVX3lxTE9ndGhJaGJZVmVSQTZRXzBkbmZIc3Z5LTlSOUZIVktLR2ZaVUVQUUp0dHM3N3hubm84SkxObFNib1YtN0dfWGRxaVRwQWVWLUZiRk9pSmV1SDgyNE1JV1dLSnJGVUlzTFBzOVA0OW5B?oc=5",
122,2025-09-09 7:00,googlenews,유산균,"‘221배 강한 유산균, 듀오락’ 배우 손석구와 함께 광고 캠페인 공개 - 팜뉴스
https://news.google.com/rss/articles/CBMibEFVX3lxTE9nNG9aVDN2STNWYlV0RGRWVW5OZHdNYkJpZmVqWkFYaXg4UDEzQ2tpUzVvU2lOY3loRTFiZ2NLa2RDSXFGem1jTVluVFVIOVFJZV9uakdhcXo3b2trbjJ0dVZrbGwyeGRqNFlrUdIBcEFVX3lxTE5XYTl0Z1VZd0RwQVNYY0FmS2h1NUZ0ZDdSNjhsNk1NZDdSYkYwYVAyTWNhcmZmWnUzSWhGakFTNUJ3bHlVSVpSdGJjSW1XdDJjVlVTVVBqb2IxU0VrVHZNMVB2UlBuZUx5b0hUOTRGWHk?oc=5",
123,2025-09-09 7:00,googlenews,유산균,"‘221배 강한 유산균, 듀오락’ 모델에 배우 손석구 발탁 - 헤럴드경제
https://news.google.com/rss/articles/CBMiVkFVX3lxTE9pVEUzaXFkWHRhdVZ3MEtiZl9tQ2tfMWRoV256SEtybFFWTTUyYjZUYjRqcVpiWU12dGtScVFDZTd0S3Q1aF9LZm9DWXJXaVZ0em9WcU1B?oc=5",
124,2025-09-09 7:00,googlenews,유산균,"[K-AD] ‘221배 강한 유산균, 듀오락’ 배우 ‘손석구’와 함께 광고 캠페인 공개 - madtimes.co.kr
https://news.google.com/rss/articles/CBMibEFVX3lxTE9tdGZvQjhmcW1ZXzF4c0MxRkdUQkRTZW9mVWUzbm9KRlVlVjFNZV9LZGoxZ1VXY205cXR1aG1VcGtBMVBmdVlHYlJMZTRoVzVySC01ZW9aYjRoeTg1eVRMUlNrT0RkWmxfcDZUeg?oc=5",
125,2025-09-08 7:27,googlenews,유산균,"바이크롬, 국내 최초 뇌 개선 유산균 출시 - 요양뉴스
https://news.google.com/rss/articles/CBMib0FVX3lxTFBuSkFRdzVKTkpXemtEYkxraGtYNnZ0NnR1SFdoVEN6Ymdua2dpY1IyZVBNZWNlWU9peVB4Ui1oZUM0aXFvT3hmRTNGRE9RcE9WUUE2UDR6VzROZ0s4elV5ek50QURZQjRQQnhvRWFZYw?oc=5",
126,2025-09-08 7:00,googlenews,유산균,"유산균 브랜드 바이오가이아, 초록우산과 함께하는 나눔 캠페인 진행 - 헬스조선
https://news.google.com/rss/articles/CBMidkFVX3lxTE83ZFQ5SVFzWk1LVGJTSkQwOXhKYzE0cmd1UTNZYVBHdTdTYURnZGl0SXdhMEF6LVNrZThuSDk2TTZENG9HQzVHRUFucXlLVlNISjFqQlhScE9qcGFmREdMeU1ua01nblN2RHdXX29MT1J3dDB4N2c?oc=5",
127,2025-09-08 7:00,googlenews,유산균,"에이치피오 덴프스, 올리브영 대표 유산균 브랜드로 자리매김 - 동아일보
https://news.google.com/rss/articles/CBMidkFVX3lxTE0xX2k3QkU0dVFoUHdVMFdYSFBpakUwVHAwbWJnSVVURHg0QW1SWUwtVm1fY1VQQWN3WG8yVWRqT2pveHRxeUIxcjRfTm5HbHBlMXJnSVBSLXczTnZxcm1LWTBJdkpOQzJGcVlRU3dac1dEUm5FQXfSAWZBVV95cUxQU0dfWnpPcmVoTU5jbFVYZ3V4cnBMbkRBeTB2RFZJdGdQLUlZNF9JQ1Fqc3ZwV1BJUVVLanBaQ3RtQ05MWl83d0owcFpNTEp0Y185UEw0c2Y3aWRwZk1jV054cms1QUE?oc=5",
128,2025-09-08 7:00,googlenews,유산균,"리스큐어, 美 FDA서 모발건강 유산균 '모비옴' NDI 인증 획득 - 히트뉴스
https://news.google.com/rss/articles/CBMiakFVX3lxTE8tWk41dFF5Q3oxWXdhSXZmRWc1SG1ocGtKY2Q0dHZmdnBzNF9OMks3bUNKSDBmby1wRWdfb2R1N1Via1NZUy1UcWVsZXo4RmFKdEQwU2dLUWZqcEtOOXdCN3JHTWlWOEdNLVE?oc=5",
129,2025-09-04 1:00,googlenews,유산균,"무무슈, 프리미엄 유산균 ‘드시모네’와 콜라보 이벤트 성황리 종료 - 대한금융신문
https://news.google.com/rss/articles/CBMibEFVX3lxTE5rOENFMkNhd2ZQNnlRUE5ERzc0bkRZQVg5Y3RTckFsTDZkbzJzTFBZSlo0SUh3am5VcEZJVFZnXzJ2OUdWQnFxakx4VnVpZjFxQUFseVV6WnREWU50bFFCdkdTNHNDZmVvLWZIeNIBcEFVX3lxTE5aUU5qbjczNVZqSFRuX0U1UjJMTlprc1Vwb3E3QTlqRV95RUo3amltM3FtRGE0MjVDNldSeG9zSzZiOGVWZHpDal9zdkhXdllUYy1rNHRVa0lfSFhpRWRnclpUckZ4dFJlX29XXy02dnA?oc=5",
130,2025-09-03 7:00,googlenews,유산균,"듀오락, 장 속 생존력 221배 높인 유산균 코팅기술 인포그래픽 공개 - 팜뉴스
https://news.google.com/rss/articles/CBMibEFVX3lxTE5mUERlY01OZDQwaDlLNnhmWUpyemF0S25wOVFIZ0RKYTFsYWxXLVBWRmFuTEVMRy00cEc3NFFKQ2FyNzIwZlJkNjZ0R0dWNkxNQXBpT19WY0RSTEFVaDlwVkNsRnV5QUlhaXNTWdIBcEFVX3lxTE1STGpvSlloZW9KVlpGQUV4S25qNXc2aHB5emlHT2FpSWRzWU92Z3ozT3JkcFlpaU5BQ2M4X085ZlhhTXVQVTVLdlRLVFZHZklOaHdLaUlBbV92bkZnS2ExR3NycDVSSFNPR094NlhFUDA?oc=5",
131,2025-09-03 7:00,googlenews,유산균,"쎌바이오텍, 유산균 보장균수 오해 잡기 위한 인포그래픽 공개 - 한국경제
https://news.google.com/rss/articles/CBMiWkFVX3lxTE5zZ08yZkJIdE1lbXFFOWxsUEpDX3plTnBfbS1OVGg1RWpKdTRtX1hJUXVFNWxKallGTWZ1XzR4aE54LUUtWlNGODBLMHhSSm1IZzlUNk5JZzNLd9IBVEFVX3lxTE9RanNzWXJEMUxfaXZUTS1fZlVwblNfekU1OGZiYnlYSXYydXdzZEJzM0w4b0hsRFdfSG1pUjh1aVhXZmtPaTY5QnhFLW0wXzJHTGxqag?oc=5",
132,2025-09-03 7:00,googlenews,유산균,"쎌바이오텍, 유산균 ′보장균수′ 소비자 혼란 방지 위한 인포그래픽 공개 - 메디컬투데이
https://news.google.com/rss/articles/CBMiXEFVX3lxTE8weWhlMDQ1MzVyTnJQcTc3UzB0THgxYWRHTF9oZmRLMnFiZTVXSUlfMTRYN2NzeHVwU3dONVE5LWhjejRhcmZtUGotaDcyY3RhdkdYc0YtMjlFa09o0gFsQVVfeXFMTjhNUk1HMGNwU1g3QW1nTElOSzJYeG1XbmNlUkZfZXhBZ2NyYS1NbXJDNFN0aVFTMVZrcWhIQ0Rpcm05YS1UWHI0OVp3eWFXSHVZY0pyYmE4VDlpWUY5WGVTN2F6cHNwMjMzV1FZ?oc=5",
133,2025-09-02 7:00,googlenews,유산균,"티젠, 설탕은 빼고, 과일향 입혀…발효 유산균 콤부차 - 한국경제
https://news.google.com/rss/articles/CBMiWkFVX3lxTE83VEpmR0pTUHVxZ0tpVmY3TTNWNlo4UkVreS1xbnVoRHZuMUFDNFRyMTliak1OV1RodkZZa2NCTGd3ZGo4Z2VpSm9tUmRVSVhRN0RkUFVOamZmQdIBVEFVX3lxTE11U3NZTXp1cV9Oa1BfaXVHWFUzV1BsUVF0WFpPbTVLd2otY2hidFNjd2RlMEhrU0RvZTB3cHVhLWF5STI5aXlSWkUxd1p2bHJReTNfRQ?oc=5",
134,2025-09-01 7:00,googlenews,유산균,"NVP헬스케어, 국내 첫 인지개선 기능성 '바이크롬 뇌 유산균' 출시 - 히트뉴스
https://news.google.com/rss/articles/CBMiakFVX3lxTE92a2ZKdEpkNTVBT21kOTJtZHlnV0ZUbHZ2Sk80ZEEtdUZHZWU5ZVNILUFHSnFNa2tNdFhhajllYWFWRU54QnZYb01aN0tfVlhOOVo5S1E4RTg4SXAxMVpGY0tmRnZCWXNqcGc?oc=5",
135,2025-09-01 7:00,googlenews,유산균,"바이크롬, 국내 최초 식약처 인정 치매 유산균 ‘바이크롬 뇌 유산균’ 출시 예정 - 베이비뉴스
https://news.google.com/rss/articles/CBMibEFVX3lxTE90SlUtWDBuZU5wLXlRUERTVUhjTVFnMzE1SlVwTkFnY3hPUUlFLUFwa3hFRGhvOFNGQ2JjbDZQZXprZndPaUJFYzZ2aU53TEl2NzBUWmdfakgzckxlWWZMYndCWmdRS3g0Mlh5Rg?oc=5",
136,2025-09-11 7:00,googlenews,유산균 다이어트,"정선희, 10월 13일 마라톤 도전…""설인아 보고 자극받았다"" - 네이트
https://news.google.com/rss/articles/CBMieEFVX3lxTE1Ga2pkYXVOUG1zLXh4SHcxV2FNaFFtb0JOV3djNTdqU1pxdFd3YlZmUXNYeXBwLXd0UDNiM3pMOHktUVZERGROMWVhcXBWZ1o1Q1NaNkFIRkg1aTJ3OFRqaGZvcjhlVlY4dnRKYzFqUVlYSUhFa3pOWg?oc=5",
137,2025-09-26 17:38,googlenews,체지방 유산균,"hy, ‘녹용유산균발효분말’ 식약처 개별인정…근력 유지 기능성 입증 - MSN
https://news.google.com/rss/articles/CBMilgNBVV95cUxOaXVMNmlhTzhGMXJoYlVNRE1kZHBlclByR0xMaDI5RVdQUUZIZXFOWHc2TUEtVWN2RW5mTWNWUVhHXy1tai16c0hPTXNMVTVaVlltWWhqWjIzcHJWOGxGVUxsbHVtT3MtWkh3OVFENm9USXkwbV8tYWNQNVNwc3B5TUo1NnE2RWxBSVd3N1dycHh5V3UxY2d2NVVSbkN1c2NxZk9kcWNuMF96R1Jrc2hGR3N1bnZFZUd1RldYdW16QzRzZkh4Xy1SRnJtdTFxNVRScDl1ZHNFOGN6eklyNzJKUXJma3VUTlZMZFNIMVgyZ3pKZnRVSzZ6YXB5cm1WZVVCUnBzYTNfN1BUaG5ISEZmdUVOR0V2eWM4cGlnb2J1QXN6YXZCN01WSG1USVFiMGVhbHRSc3RpYUpCRXA5UmxVZ2dtTHJXNEtjb19SaVZ5eXVPX0d4X2FXTDZDQWRoejRtdHJ6WGI0aUtYRGJ6aU14YnFGM2hGZjNEQnJoNy1Zc2lzejNad2pOVnp5ZXExSlBXcTdrcUF3?oc=5",
138,2025-09-22 0:30,googlenews,체지방 유산균,"hy, '녹용유산균발효분말' 식약처 개별인정… ""노화로 감소되는 근력 유지"" - MTN 머니투데이방송
https://news.google.com/rss/articles/CBMiZEFVX3lxTE5aMFZCU0hhamM0VVVESWpFX1FiTGhTT1BiV2hHWFhWTE9FcXhJeHg4SVFYamxvbjd4OEJkdHlZUkVnSkVLTTlqZEI0bWR5WTh2bE16U0tLYVlUSlNSa0E5cHdhcHk?oc=5",
139,2025-09-22 0:01,googlenews,체지방 유산균,"[위클리오늘] hy, ‘녹용유산균발효분말’ 식약처 개별인정 획득…근력 유지 기능성 인정 - 위클리오늘
https://news.google.com/rss/articles/CBMib0FVX3lxTE0xNktjVm9uaHhQYzU2M25sMkdRU1NGTUlGUlE5THczcDlWUHI2UGktcXF6ZHpXdDNLRXdpbHZyV3RySDlVa1c3enRfcUY4R3Bncml2UTdGcGxCNGRENVljUFYtdW1uelFTTk9nUHlNcw?oc=5",
140,2025-09-21 23:47,googlenews,체지방 유산균,"hy, '녹용유산균발효분말' 식약처 개별 인정 획득 - 네이트
https://news.google.com/rss/articles/CBMiU0FVX3lxTFBwekE2V0FpRWlKRWN2V2RCUzBNWGFVbjYtbTFvN05MRWFfYm9ha0xOekFrZkZxVnBHcVctd2kyYkMxZXlSNjlPMFNzVDV0LThKQ0VB?oc=5",
141,2025-09-22 21:03,googlenews,다이어트유산균,"[2025 한국고객만족도 1위] 여성을 위한 건강기능식품, 럭키클로버 - 매거진한경
https://news.google.com/rss/articles/CBMibEFVX3lxTFBiWGkyby1EcFk1Wi1vZHRybnFVZXRZUUM0LTRuSlVtMGZmX01VdXdreFhoQUxBbzM5TUh3Y0tVQ0pzMFZFdVMwUnJPaTdIV2lOYzBmT0c4alBENEFtQXY3NHhrMW1DQW5GblZVSA?oc=5",
142,2025-09-25 2:45,googlenews,유산균다이어트,"작년 추석 2만개 '완판'…GS25, LA갈비세트 올해는 '2+1' - 네이트
https://news.google.com/rss/articles/CBMieEFVX3lxTE1rUGJNVkc0QTdjbFo1RnNZQVFkR1paTXJhUkJQdnhQLUJaYVA4S182T2RGRUFmempMVmxWenQzZThRVlZYTjFYWmVxQ0hJalcwM3NISXBKcURfZEVMWkhfdTlFeXJzNGtvZW1EajRJVURrcmNoSkZwdQ?oc=5",
143,2025-09-25 12:05,googlenews,다이어트,"“맛있는데 뱃살 빠져”…신애라, 갱년기 다이어트 주스 레시피 공개 - 코메디닷컴
https://news.google.com/rss/articles/CBMiQkFVX3lxTE9kTFR2aS1Ea1l5OFlnSF9Zd3dXbmx2VGUyalU1MVYyempZWmFnX3A5SkZOdjVLbE4ydHpWSGxIdXZ3dw?oc=5",
144,2025-09-24 10:31,googlenews,다이어트,"버리고, 줄여야 산다…면세점도 ‘다이어트’ - 한겨레
https://news.google.com/rss/articles/CBMiaEFVX3lxTE1fWU5LVnhRQlJLQ0ZUVEdkNEZzWlF6aG9JMEM4cEQ4ZlVsbGdqWjNpaUNoa3M3QzdxcjlZR1lXSFdTNkJCXzdNR1REMkhMRU5YQXd0NVRCQ2pBclJvdjVpTzhYbklxcmU1?oc=5",
145,2025-09-23 3:00,googlenews,다이어트,"""지난달 필라테스·다이어트식품 상담 급증…휴가철 영향"" - 연합뉴스
https://news.google.com/rss/articles/CBMiW0FVX3lxTE1sUGV1ZFhGZHI2aEgtTDRyREVySF84R0dUOVNGb0ZTYlRhWVdVVFpFMURmd1hNUjlyV3h4UDZXaGU2LXo5MEt4QXVhcm5mRDhwMHFidThVdFpKN1nSAWBBVV95cUxNMHJ1SDhhNmFIRGFqSFY5Z2tfVTdhTWljV3R6OUY2MUxubmtUX3R6MkZqRkZLUHJnMWtQbEotLVBGU3NfZGZnVmo1VEE3YUlIWFJWQ01aZ0lZTEg1M1pxMGg?oc=5",
146,2025-09-21 14:01,googlenews,다이어트,"“요요 극복하고, 30kg 감량 성공”… 지금 가장 행복하다는 그, 비결 물었더니? - 헬스조선
https://news.google.com/rss/articles/CBMidkFVX3lxTE5tSUVobWdSNTM2cl9BeHlweTNpX004ZWY2ZHplLVpaYVgxTkdja2lnbVM1U09WaG9JcjBvR1lUMjVsQ3o1S3BYSm5LLTh2dkVpWm5Ea0h3VXdDSmlYTnJ1ZVYwWGo5dWFIdmsySC1hUHBHcVQ3OGc?oc=5",
147,2025-09-19 5:11,googlenews,다이어트,"“혈당 스파이크 막고, 다이어트 효과도”… 20kg 감량 정주리, 식사 전 ‘이 습관’ 지켜 - 헬스조선
https://news.google.com/rss/articles/CBMidkFVX3lxTFBLdnB5N1VDNUhhODdURVBYaUp1emtzbm55bTFUNFQwbDB5U3JCcFlhVVg3MTd2QUtpVjUtN2o2ZkNWSkoyT0tmN0s4czBmLWdMbkJDV2M5X0Y0bnlxZFdBUHlGYU5jeXZCa2wwMF9INHU5U2N0V2c?oc=5",
148,2025-09-18 7:00,googlenews,다이어트,"오연수, 남편 손지창 '다이어트 내조'…부기 빼는 음식 뭐길래 [건강!톡] - 한국경제
https://news.google.com/rss/articles/CBMiWkFVX3lxTE5uWDl1QlpUMUNDNWQwaE5LUnRzYWZuV3hBS1BDeTNiWjI2X0xPMEtRNC1fYk5heTd5SEJoZ3BwMlV1TFI4X2trdjVzRG9uMVFXQ0xROXZfRmhuQdIBVEFVX3lxTFBtQVdjSHhKdFBRRy00N2hzZVdjZ2x2emQ3MXZpT09tZWRUY0tGcC1jd0hmMExWeVgxYXY4Si1IYWVmcHRkNU9seTlnRVdBVlhOVGc5SA?oc=5",
149,2025-09-15 7:00,googlenews,다이어트,"다이어트는 의지의 문제가 아니다…연구 - 디지털투데이
https://news.google.com/rss/articles/CBMic0FVX3lxTE5vb05MV0tJNlFKZWZzbXV6SU93Sl9WcnNDcHJMZ3RBZnRIaTlnajVVbFFIcy11WTBFeXhwMzlvU3RqbEg5TTY3TDE5V3ptaDZfXzdBSnhsWi1GdnhKQ3N0MnJYMzdqWF9JYnBvM1ZsQ1lTd0k?oc=5",
150,2025-09-14 7:00,googlenews,다이어트,"“맛있는데 살 안 쪄”…황신혜, 다이어트 빵 레시피 공개 - 코메디닷컴
https://news.google.com/rss/articles/CBMiQkFVX3lxTE56QWtOWGl6U21QdXBQci1IVDBMNFprRS1XejJzYlBrMVJoVl8wS01RRHZaeDFocmpMMkdtR2VMeGQ4dw?oc=5",
151,2025-09-13 7:00,googlenews,다이어트,"‘10kg 감량’ 소유, 파격 타투 공개…다이어트 후 깡마른 모습, 비결은? - 코메디닷컴
https://news.google.com/rss/articles/CBMiQkFVX3lxTFBhRE1xWHJkMko5WXg2dmVfWlRCRmhmV05JRFJfRTVrYnpDTkN2TjJXS3RJWnByU2VtaW01eDQ3QlQ2UQ?oc=5",
152,2025-09-18 23:26,googlenews,유산균,"메디오젠, GLP-1 분비 촉진 유산균 B. lactis MG741 특허 등록 - 약업신문
https://news.google.com/rss/articles/CBMib0FVX3lxTE1SZ1Q2b2JULXNkN2lPakExNE5YMWsycDVWTERMNGdraTZ3aVBKTE9fV1RSdWJNaTM4elpoY01KTW5MYUl6enlWdXZNMmtreml1RWRwQlR4bkYtZzlhNzJrcnp1MnZnbndTVENPaVBMNA?oc=5",
153,2025-09-17 7:00,googlenews,다이어트유산균,"인터넷방송 인벤 SOOP 게시판 - 인벤
https://news.google.com/rss/articles/CBMiVEFVX3lxTFBITVZQcXlXX2ppNy1BME1Zc21vay1obUlYOGx2a0JPWHVDTWcyOGRIRWRyMGl0c3h2VVpiSVItQ3haNlNYZDJNLXVJVVNBYVFIbml4Zg?oc=5",
154,2025-09-18 7:00,googlenews,다이어트,"스틱인베스트먼트, 쥬비스다이어트 인수금융 만기 연장 가닥 - 인베스트조선
https://news.google.com/rss/articles/CBMigwFBVV95cUxQVTlXQnk0ZEpESlhEQVhKYUp6WVFrNkZPRjZJUFA1VDZ1YjNhNVA2aXVITllyVkZWMzJySXY2dG1TY09LYWZLUnNpblZBQ1V1WTdVeU5oOXV0bkN0ckU1blBxdlRSbzBzRmx1Q09zSHRORThGUHpTdXpUeWthTjB2ZkM3bw?oc=5",
